sheet,column,formula_pattern
RPI calculation,B,"INDEX(Standings!$B$9:$B${te},MATCH($A{r},Standings!$A$9:$A${te},0))"
RPI calculation,C,"INDEX(Standings!$D$9:$D${te},MATCH($A{r},Standings!$A$9:$A${te},0))"
RPI calculation,D,"INDEX(Standings!$E$9:$E${te},MATCH($A{r},Standings!$A$9:$A${te},0))"
RPI calculation,E,"SUMIFS(Matches!$R$9:$R${me},Matches!$C$9:$C${me},$A{r})+SUMIFS(Matches!$S$9:$S${me},Matches!$D$9:$D${me},$A{r})"
RPI calculation,F,"COUNTIFS(Matches!$C$9:$C${me},$A{r})+COUNTIFS(Matches!$D$9:$D${me},$A{r})-E{r}"
RPI calculation,G,E{r}+F{r}-H{r}-I{r}
RPI calculation,H,"SUMIFS(Matches!$R$9:$R${me},Matches!$C$9:$C${me},$A{r},Matches!$Q$9:$Q${me},1)+SUMIFS(Matches!$S$9:$S${me},Matches!$D$9:$D${me},$A{r},Matches!$Q$9:$Q${me},1)"
RPI calculation,I,"COUNTIFS(Matches!$C$9:$C${me},$A{r},Matches!$Q$9:$Q${me},1)+COUNTIFS(Matches!$D$9:$D${me},$A{r},Matches!$Q$9:$Q${me},1)-H{r}"
RPI calculation,J,"IF(H{r}+I{r}=0,"""",H{r}/(H{r}+I{r}))"
RPI calculation,K,"IF(H{r}+I{r}=0,"""",(SUMIFS(Matches!$T$9:$T${me},Matches!$C$9:$C${me},$A{r})+SUMIFS(Matches!$U$9:$U${me},Matches!$D$9:$D${me},$A{r}))/(H{r}+I{r}))"
RPI calculation,L,"IF(H{r}+I{r}=0,"""",(SUMIFS(Matches!$V$9:$V${me},Matches!$C$9:$C${me},$A{r})+SUMIFS(Matches!$W$9:$W${me},Matches!$D$9:$D${me},$A{r}))/(H{r}+I{r}))"
RPI calculation,M,"IF(J{r}="""","""",$T$3*J{r}+$T$4*K{r}+$T$5*L{r})"
RPI calculation,N,"IF(M{r}="""","""",RANK(M{r},$M$9:$M${te},0))"
RPI calculation,O,"IF(AND(C{r}=E{r},D{r}=F{r}),""Matches standings"",""Review: standings differ"")"
Matches,O,"IF(G{r}=""D1"",MATCH(C{r},'RPI calculation'!$A$9:$A${te},0),0)"
Matches,P,"IF(H{r}=""D1"",MATCH(D{r},'RPI calculation'!$A$9:$A${te},0),0)"
Matches,Q,"IF(AND(G{r}=""D1"",H{r}=""D1""),1,0)"
Matches,R,"IF(E{r}>F{r},1,0)"
Matches,S,"IF(F{r}>E{r},1,0)"
Matches,T,"IF(Q{r}=0,0,(INDEX('RPI calculation'!$H$9:$H${te},P{r})-(COUNTIFS(Matches!$C$9:$C${me},C{r},Matches!$D$9:$D${me},D{r},Matches!$Q$9:$Q${me},1,Matches!$F$9:$F${me},3)+COUNTIFS(Matches!$C$9:$C${me},D{r},Matches!$D$9:$D${me},C{r},Matches!$Q$9:$Q${me},1,Matches!$E$9:$E${me},3)))/((INDEX('RPI calculation'!$H$9:$H${te},P{r})+INDEX('RPI calculation'!$I$9:$I${te},P{r}))-(COUNTIFS(Matches!$C$9:$C${me},C{r},Matches!$D$9:$D${me},D{r},Matches!$Q$9:$Q${me},1)+COUNTIFS(Matches!$C$9:$C${me},D{r},Matches!$D$9:$D${me},C{r},Matches!$Q$9:$Q${me},1))))"
Matches,U,"IF(Q{r}=0,0,(INDEX('RPI calculation'!$H$9:$H${te},O{r})-(COUNTIFS(Matches!$C$9:$C${me},C{r},Matches!$D$9:$D${me},D{r},Matches!$Q$9:$Q${me},1,Matches!$E$9:$E${me},3)+COUNTIFS(Matches!$C$9:$C${me},D{r},Matches!$D$9:$D${me},C{r},Matches!$Q$9:$Q${me},1,Matches!$F$9:$F${me},3)))/((INDEX('RPI calculation'!$H$9:$H${te},O{r})+INDEX('RPI calculation'!$I$9:$I${te},O{r}))-(COUNTIFS(Matches!$C$9:$C${me},C{r},Matches!$D$9:$D${me},D{r},Matches!$Q$9:$Q${me},1)+COUNTIFS(Matches!$C$9:$C${me},D{r},Matches!$D$9:$D${me},C{r},Matches!$Q$9:$Q${me},1))))"
Matches,V,"IF(Q{r}=0,0,INDEX('RPI calculation'!$K$9:$K${te},P{r}))"
Matches,W,"IF(Q{r}=0,0,INDEX('RPI calculation'!$K$9:$K${te},O{r}))"
Tracking,B,"IF(COUNTIF('NCAA 2025'!$B$9:$B$356,$A{r})=0,""New in 2026"",INDEX('NCAA 2025'!$A$9:$A$356,MATCH($A{r},'NCAA 2025'!$B$9:$B$356,0)))"
Tracking,C,"IF(COUNTIF('RPI calculation'!$A$9:$A${te},$A{r})=0,"""",INDEX('RPI calculation'!$B$9:$B${te},MATCH($A{r},'RPI calculation'!$A$9:$A${te},0)))"
Tracking,D,"IF(COUNTIF('RPI calculation'!$A$9:$A${te},$A{r})=0,"""",INDEX('RPI calculation'!$C$9:$C${te},MATCH($A{r},'RPI calculation'!$A$9:$A${te},0))&""-""&INDEX('RPI calculation'!$D$9:$D${te},MATCH($A{r},'RPI calculation'!$A$9:$A${te},0)))"
Tracking,F,"IF(COUNTIF('RPI calculation'!$A$9:$A${te},$A{r})=0,"""",INDEX('RPI calculation'!$AE$9:$AE${te},MATCH($A{r},'RPI calculation'!$A$9:$A${te},0)))"
Tracking,G,"IF(COUNTIF('RPI calculation'!$A$9:$A${te},$A{r})=0,"""",INDEX('RPI calculation'!$N$9:$N${te},MATCH($A{r},'RPI calculation'!$A$9:$A${te},0)))"
Tracking,H,"IF(COUNTIF('RPI calculation'!$A$9:$A${te},$A{r})=0,"""",INDEX('RPI calculation'!$AF$9:$AF${te},MATCH($A{r},'RPI calculation'!$A$9:$A${te},0)))"
Tracking,I,"IF(COUNTIF('RPI calculation'!$A$9:$A${te},$A{r})=0,"""",INDEX('RPI calculation'!$AD$9:$AD${te},MATCH($A{r},'RPI calculation'!$A$9:$A${te},0)))"
Tracking,J,"IF(COUNTIF('RPI calculation'!$A$9:$A${te},$A{r})=0,"""",INDEX('RPI calculation'!$M$9:$M${te},MATCH($A{r},'RPI calculation'!$A$9:$A${te},0)))"
Tracking,U,"IF(COUNTIF('RPI calculation'!$A$9:$A${te},$A{r})=0,""Not in 2026 D1 source"",INDEX('RPI calculation'!$O$9:$O${te},MATCH($A{r},'RPI calculation'!$A$9:$A${te},0)))"
Tracking,V,"IF(COUNTIF('RPI calculation'!$A$9:$A${te},$A{r})=0,"""",INDEX('RPI calculation'!$E$9:$E${te},MATCH($A{r},'RPI calculation'!$A$9:$A${te},0))&""-""&INDEX('RPI calculation'!$F$9:$F${te},MATCH($A{r},'RPI calculation'!$A$9:$A${te},0)))"
Tracking,W,"IF(COUNTIF('RPI calculation'!$A$9:$A${te},$A{r})=0,"""",INDEX('RPI calculation'!$H$9:$H${te},MATCH($A{r},'RPI calculation'!$A$9:$A${te},0))&""-""&INDEX('RPI calculation'!$I$9:$I${te},MATCH($A{r},'RPI calculation'!$A$9:$A${te},0)))"
Tracking,X,"IF(COUNTIF('RPI calculation'!$A$9:$A${te},$A{r})=0,"""",INDEX('RPI calculation'!$G$9:$G${te},MATCH($A{r},'RPI calculation'!$A$9:$A${te},0)))"
Tracking,Y,"IF(COUNTIF('NCAA 2025'!$B$9:$B$356,$A{r})=0,"""",INDEX('NCAA 2025'!$C$9:$C$356,MATCH($A{r},'NCAA 2025'!$B$9:$B$356,0)))"
Matches,X,"IF(G{r}=""D1"",INDEX('RPI calculation'!$N$9:$N${te},O{r}),0)"
Matches,Y,"IF(H{r}=""D1"",INDEX('RPI calculation'!$N$9:$N${te},P{r}),0)"
RPI calculation,P,"COUNTIFS(Matches!$C$9:$C${me},$A{r},Matches!$Q$9:$Q${me},1,Matches!$Y$9:$Y${me},"">=1"",Matches!$Y$9:$Y${me},""<=""&'RPI rules'!$B$9,Matches!$R$9:$R${me},1)+COUNTIFS(Matches!$D$9:$D${me},$A{r},Matches!$Q$9:$Q${me},1,Matches!$X$9:$X${me},"">=1"",Matches!$X$9:$X${me},""<=""&'RPI rules'!$B$9,Matches!$S$9:$S${me},1)"
RPI calculation,Q,"COUNTIFS(Matches!$C$9:$C${me},$A{r},Matches!$Q$9:$Q${me},1,Matches!$Y$9:$Y${me},"">""&'RPI rules'!$B$9,Matches!$Y$9:$Y${me},""<=""&'RPI rules'!$B$10,Matches!$R$9:$R${me},1)+COUNTIFS(Matches!$D$9:$D${me},$A{r},Matches!$Q$9:$Q${me},1,Matches!$X$9:$X${me},"">""&'RPI rules'!$B$9,Matches!$X$9:$X${me},""<=""&'RPI rules'!$B$10,Matches!$S$9:$S${me},1)"
RPI calculation,R,"COUNTIFS(Matches!$C$9:$C${me},$A{r},Matches!$Q$9:$Q${me},1,Matches!$Y$9:$Y${me},"">=""&'RPI rules'!$B$12,Matches!$Y$9:$Y${me},""<=""&'RPI rules'!$B$13,Matches!$R$9:$R${me},0)+COUNTIFS(Matches!$D$9:$D${me},$A{r},Matches!$Q$9:$Q${me},1,Matches!$X$9:$X${me},"">=""&'RPI rules'!$B$12,Matches!$X$9:$X${me},""<=""&'RPI rules'!$B$13,Matches!$S$9:$S${me},0)"
RPI calculation,S,"COUNTIFS(Matches!$C$9:$C${me},$A{r},Matches!$Q$9:$Q${me},1,Matches!$Y$9:$Y${me},"">=""&'RPI rules'!$B$14,Matches!$R$9:$R${me},0)+COUNTIFS(Matches!$D$9:$D${me},$A{r},Matches!$Q$9:$Q${me},1,Matches!$X$9:$X${me},"">=""&'RPI rules'!$B$14,Matches!$S$9:$S${me},0)+COUNTIFS(Matches!$C$9:$C${me},$A{r},Matches!$H$9:$H${me},""<>D1"",Matches!$R$9:$R${me},0)+COUNTIFS(Matches!$D$9:$D${me},$A{r},Matches!$G$9:$G${me},""<>D1"",Matches!$S$9:$S${me},0)"
RPI calculation,T,"COUNTIFS(Matches!$C$9:$C${me},$A{r},Matches!$M$9:$M${me},""Nonconference"")+COUNTIFS(Matches!$D$9:$D${me},$A{r},Matches!$M$9:$M${me},""Nonconference"")"
RPI calculation,U,"COUNTIFS(Matches!$C$9:$C${me},$A{r},Matches!$Q$9:$Q${me},1,Matches!$Y$9:$Y${me},"">=1"",Matches!$Y$9:$Y${me},""<=""&'RPI rules'!$B$11,Matches!$M$9:$M${me},""Nonconference"")+COUNTIFS(Matches!$D$9:$D${me},$A{r},Matches!$Q$9:$Q${me},1,Matches!$X$9:$X${me},"">=1"",Matches!$X$9:$X${me},""<=""&'RPI rules'!$B$11,Matches!$M$9:$M${me},""Nonconference"")"
RPI calculation,V,"COUNTIFS(Matches!$C$9:$C${me},$A{r},Matches!$Q$9:$Q${me},1,Matches!$Y$9:$Y${me},"">=""&'RPI rules'!$B$15,Matches!$M$9:$M${me},""Nonconference"")+COUNTIFS(Matches!$D$9:$D${me},$A{r},Matches!$Q$9:$Q${me},1,Matches!$X$9:$X${me},"">=""&'RPI rules'!$B$15,Matches!$M$9:$M${me},""Nonconference"")+COUNTIFS(Matches!$C$9:$C${me},$A{r},Matches!$M$9:$M${me},""Nonconference"",Matches!$H$9:$H${me},""NAIA"")+COUNTIFS(Matches!$D$9:$D${me},$A{r},Matches!$M$9:$M${me},""Nonconference"",Matches!$G$9:$G${me},""NAIA"")"
RPI calculation,W,"IF(T{r}=0,"""",U{r}/T{r})"
RPI calculation,X,"IF(T{r}=0,"""",V{r}/T{r})"
RPI calculation,Y,"IF('RPI rules'!$B$25<>""Ready"",NA(),P{r}*'RPI rules'!$B$17+Q{r}*'RPI rules'!$B$18)"
RPI calculation,Z,"IF('RPI rules'!$B$25<>""Ready"",NA(),-R{r}*'RPI rules'!$B$19-S{r}*'RPI rules'!$B$20)"
RPI calculation,AA,"IF('RPI rules'!$B$25<>""Ready"",NA(),IF(T{r}=0,0,IF(W{r}>='RPI rules'!$B$16,'RPI rules'!$B$21,0)))"
RPI calculation,AB,"IF('RPI rules'!$B$25<>""Ready"",NA(),IF(T{r}=0,0,IF(X{r}>='RPI rules'!$B$16,-'RPI rules'!$B$22,0)))"
RPI calculation,AC,SUM(Y{r}:AB{r})
RPI calculation,AD,"IF(M{r}="""","""",M{r}+AC{r})"
RPI calculation,AE,"IF(AD{r}="""","""",RANK(AD{r},$AD$9:$AD${te},0))"
RPI calculation,AF,"IF(AE{r}="""","""",N{r}-AE{r})"
Tracking,E,"IF(COUNTIF(Standings!$A$9:$A${te},$A{r})=0,"""",INDEX(Standings!$H$9:$H${te},MATCH($A{r},Standings!$A$9:$A${te},0))&""-""&INDEX(Standings!$I$9:$I${te},MATCH($A{r},Standings!$A$9:$A${te},0)))"
